CitizenKey,SyntheticCitizenID,SyntheticName,Country,Age,Phone,Email,AddressLine,City,Postcode,Notes,HasCriminalRecord,RecordType,RecordStatus,Severity,OfficerReviewRequired,HasOutstandingFines,UnpaidFineCount,TotalUnpaidAmount
1,MY3080592042,Nadia Rahman,Malaysia,25,+60059650502,user1@demo.local,571 Demo Street,Kota Kinabalu,14555,SYNTHETIC DATA FOR DEMO ONLY,FALSE,None,None,None,FALSE,TRUE,1,52
2,VN5635002643,Hafiz Omar,Vietnam,22,+84321703434,user2@demo.local,624 Demo Street,Hanoi,14714,SYNTHETIC DATA FOR DEMO ONLY,FALSE,None,None,None,FALSE,FALSE,0,0
3,VN0578334700,Nga Yusof,Vietnam,58,+84607356478,user3@demo.local,356 Demo Street,Hanoi,93642,SYNTHETIC DATA FOR DEMO ONLY,TRUE,Minor Traffic Offense,Closed,Low,FALSE,FALSE,0,0
4,MY7394142145,Hao Rahman,Malaysia,24,+60963201608,user4@demo.local,187 Demo Street,Da Nang,21563,SYNTHETIC DATA FOR DEMO ONLY,TRUE,Drug Offense (Minor),Closed,High,TRUE,TRUE,2,336
5,VN8967489653,Aina Pham,Vietnam,60,+84441941615,user5@demo.local,550 Demo Street,Hanoi,96023,SYNTHETIC DATA FOR DEMO ONLY,FALSE,None,None,None,FALSE,TRUE,1,65
6,MY6414943177,Farah Vu,Malaysia,38,+60529369726,user6@demo.local,94 Demo Street,Johor Bahru,85932,SYNTHETIC DATA FOR DEMO ONLY,FALSE,None,None,None,FALSE,TRUE,1,73
7,MY2898887253,Anh Nguyen,Malaysia,56,+60741638739,user7@demo.local,83 Demo Street,HCMC,14349,SYNTHETIC DATA FOR DEMO ONLY,FALSE,None,None,None,FALSE,FALSE,0,0
8,VN9368137184,Wei Ahmad,Vietnam,46,+84097470190,user8@demo.local,605 Demo Street,Penang,81896,SYNTHETIC DATA FOR DEMO ONLY,FALSE,None,None,None,FALSE,TRUE,2,119
9,MY5109659488,Kiet Nguyen,Malaysia,25,+60222524193,user9@demo.local,470 Demo Street,Johor Bahru,59495,SYNTHETIC DATA FOR DEMO ONLY,FALSE,None,None,None,FALSE,FALSE,0,0
10,VN5876711610,Jia Zainal,Vietnam,49,+84547801004,user10@demo.local,29 Demo Street,Kota Kinabalu,80396,SYNTHETIC DATA FOR DEMO ONLY,FALSE,None,None,None,FALSE,FALSE,0,0
11,VN2585258998,Kiet Omar,Vietnam,60,+84114020678,user11@demo.local,159 Demo Street,Johor Bahru,63214,SYNTHETIC DATA FOR DEMO ONLY,FALSE,None,None,None,FALSE,FALSE,0,0
12,VN8162794430,Nur Nguyen,Vietnam,41,+84347352919,user12@demo.local,235 Demo Street,Hanoi,02917,SYNTHETIC DATA FOR DEMO ONLY,FALSE,None,None,None,FALSE,TRUE,3,401
13,MY9821957006,Haziq Le,Malaysia,70,+60200262210,user13@demo.local,567 Demo Street,Penang,92152,SYNTHETIC DATA FOR DEMO ONLY,FALSE,None,None,None,FALSE,FALSE,0,0
14,VN2196524628,Nga Tran,Vietnam,26,+84075149184,user14@demo.local,507 Demo Street,KL,83569,SYNTHETIC DATA FOR DEMO ONLY,FALSE,None,None,None,FALSE,FALSE,0,0
15,MY8764301072,Tuan Tran,Malaysia,28,+60088622241,user15@demo.local,457 Demo Street,Hanoi,29952,SYNTHETIC DATA FOR DEMO ONLY,FALSE,None,None,None,FALSE,FALSE,0,0
16,MY3034525020,Aina Wong,Malaysia,29,+60003255767,user16@demo.local,901 Demo Street,KL,33917,SYNTHETIC DATA FOR DEMO ONLY,FALSE,None,None,None,FALSE,FALSE,0,0
17,VN8754759758,Anh Wong,Vietnam,18,+84779600693,user17@demo.local,463 Demo Street,KL,00522,SYNTHETIC DATA FOR DEMO ONLY,FALSE,None,None,None,FALSE,FALSE,0,0
18,MY0980574882,Arjun Vo,Malaysia,67,+60264809206,user18@demo.local,204 Demo Street,Hanoi,53666,SYNTHETIC DATA FOR DEMO ONLY,FALSE,None,None,None,FALSE,FALSE,0,0
19,VN4490247247,Nadia Vo,Vietnam,16,+84304205993,user19@demo.local,939 Demo Street,HCMC,00723,SYNTHETIC DATA FOR DEMO ONLY,FALSE,None,None,None,FALSE,TRUE,2,336
20,MY1348319647,Haziq Hassan,Malaysia,72,+60313333910,user20@demo.local,758 Demo Street,Da Nang,20380,SYNTHETIC DATA FOR DEMO ONLY,FALSE,None,None,None,FALSE,FALSE,0,0
21,MY2018292251,Nur Rahman,Malaysia,64,+60886995707,user21@demo.local,462 Demo Street,KL,76209,SYNTHETIC DATA FOR DEMO ONLY,FALSE,None,None,None,FALSE,TRUE,3,460
22,VN4327926353,Tuan Vu,Vietnam,26,+84058543745,user22@demo.local,250 Demo Street,Hanoi,15338,SYNTHETIC DATA FOR DEMO ONLY,FALSE,None,None,None,FALSE,TRUE,1,183
23,VN0837227453,Jia Zainal,Vietnam,72,+84578083643,user23@demo.local,834 Demo Street,Kota Kinabalu,91478,SYNTHETIC DATA FOR DEMO ONLY,FALSE,None,None,None,FALSE,FALSE,0,0
24,MY0995447219,Linh Omar,Malaysia,16,+60070150796,user24@demo.local,541 Demo Street,Johor Bahru,47039,SYNTHETIC DATA FOR DEMO ONLY,FALSE,None,None,None,FALSE,FALSE,0,0
25,VN2705923825,Nadia Lim,Vietnam,40,+84046018602,user25@demo.local,435 Demo Street,Da Nang,20346,SYNTHETIC DATA FOR DEMO ONLY,TRUE,Minor Traffic Offense,Pending Court,Low,TRUE,FALSE,0,0
26,VN7752938227,Phuc Pham,Vietnam,16,+84941246913,user26@demo.local,219 Demo Street,Hanoi,91003,SYNTHETIC DATA FOR DEMO ONLY,TRUE,Drug Offense (Minor),Under Review,High,TRUE,TRUE,3,713
27,MY1011654378,Siti Omar,Malaysia,62,+60102391923,user27@demo.local,842 Demo Street,Da Nang,84043,SYNTHETIC DATA FOR DEMO ONLY,FALSE,None,None,None,FALSE,FALSE,0,0
28,MY3746264348,Minh Tan,Malaysia,28,+60106339076,user28@demo.local,947 Demo Street,Da Nang,27589,SYNTHETIC DATA FOR DEMO ONLY,FALSE,None,None,None,FALSE,FALSE,0,0
29,VN8174779814,Anh Lee,Vietnam,17,+84876333701,user29@demo.local,771 Demo Street,HCMC,20053,SYNTHETIC DATA FOR DEMO ONLY,FALSE,None,None,None,FALSE,TRUE,1,79
30,MY1062499114,Jia Lim,Malaysia,72,+60786182537,user30@demo.local,204 Demo Street,Penang,22185,SYNTHETIC DATA FOR DEMO ONLY,TRUE,Minor Traffic Offense,Pending Court,Low,TRUE,TRUE,1,96
31,MY3952869148,Aiman Hassan,Malaysia,20,+60021195938,user31@demo.local,460 Demo Street,KL,27915,SYNTHETIC DATA FOR DEMO ONLY,TRUE,Fraud (Minor),Pending Court,Medium,TRUE,FALSE,0,0
32,MY0309079884,Nur Vu,Malaysia,29,+60600444761,user32@demo.local,547 Demo Street,Hanoi,63296,SYNTHETIC DATA FOR DEMO ONLY,FALSE,None,None,None,FALSE,TRUE,3,217
33,MY3534893172,Anh Rahman,Malaysia,19,+60948484105,user33@demo.local,657 Demo Street,Kota Kinabalu,90635,SYNTHETIC DATA FOR DEMO ONLY,FALSE,None,None,None,FALSE,FALSE,0,0
34,VN2591489119,Farah Ahmad,Vietnam,38,+84093968172,user34@demo.local,415 Demo Street,KL,88123,SYNTHETIC DATA FOR DEMO ONLY,FALSE,None,None,None,FALSE,TRUE,2,298
35,VN3198188663,Aina Kaur,Vietnam,40,+84487632335,user35@demo.local,184 Demo Street,Hanoi,09446,SYNTHETIC DATA FOR DEMO ONLY,FALSE,None,None,None,FALSE,FALSE,0,0
36,MY1411404506,Huy Ahmad,Malaysia,69,+60750539189,user36@demo.local,750 Demo Street,Johor Bahru,81949,SYNTHETIC DATA FOR DEMO ONLY,TRUE,Administrative Violation,Pending Court,Low,TRUE,FALSE,0,0
37,VN7903718281,Amir Yusof,Vietnam,59,+84225301196,user37@demo.local,917 Demo Street,Penang,17156,SYNTHETIC DATA FOR DEMO ONLY,FALSE,None,None,None,FALSE,FALSE,0,0
38,MY4568258733,Nur Wong,Malaysia,71,+60130269253,user38@demo.local,990 Demo Street,Kota Kinabalu,56300,SYNTHETIC DATA FOR DEMO ONLY,FALSE,None,None,None,FALSE,TRUE,3,304
39,VN6458126003,Linh Zainal,Vietnam,34,+84325526419,user39@demo.local,250 Demo Street,Johor Bahru,10687,SYNTHETIC DATA FOR DEMO ONLY,FALSE,None,None,None,FALSE,TRUE,1,168
40,MY2065364972,Anh Tran,Malaysia,67,+60001191661,user40@demo.local,424 Demo Street,HCMC,56646,SYNTHETIC DATA FOR DEMO ONLY,FALSE,None,None,None,FALSE,TRUE,3,429
41,MY3087708747,Aiman Vu,Malaysia,20,+60212037687,user41@demo.local,273 Demo Street,Johor Bahru,54752,SYNTHETIC DATA FOR DEMO ONLY,FALSE,None,None,None,FALSE,TRUE,1,266
42,VN8022797383,Duy Ismail,Vietnam,21,+84966694868,user42@demo.local,448 Demo Street,Johor Bahru,28735,SYNTHETIC DATA FOR DEMO ONLY,FALSE,None,None,None,FALSE,FALSE,0,0
43,VN0161970160,Huy Tran,Vietnam,25,+84053888089,user43@demo.local,967 Demo Street,Penang,12108,SYNTHETIC DATA FOR DEMO ONLY,FALSE,None,None,None,FALSE,FALSE,0,0
44,VN7641762323,Phuc Tran,Vietnam,68,+84733958604,user44@demo.local,447 Demo Street,KL,73752,SYNTHETIC DATA FOR DEMO ONLY,FALSE,None,None,None,FALSE,FALSE,0,0
45,VN8102790447,Tuan Yusof,Vietnam,52,+84595518921,user45@demo.local,962 Demo Street,Johor Bahru,74951,SYNTHETIC DATA FOR DEMO ONLY,FALSE,None,None,None,FALSE,FALSE,0,0
46,MY0987463345,Tuan Ismail,Malaysia,38,+60969156605,user46@demo.local,535 Demo Street,HCMC,84534,SYNTHETIC DATA FOR DEMO ONLY,FALSE,None,None,None,FALSE,FALSE,0,0
47,MY2366527867,Duy Ahmad,Malaysia,53,+60632929916,user47@demo.local,201 Demo Street,Penang,11322,SYNTHETIC DATA FOR DEMO ONLY,FALSE,None,None,None,FALSE,FALSE,0,0
48,VN9284084292,Anh Hoang,Vietnam,56,+84270287568,user48@demo.local,684 Demo Street,Johor Bahru,68652,SYNTHETIC DATA FOR DEMO ONLY,TRUE,Assault (Minor),Pending Court,Medium,TRUE,FALSE,0,0
49,VN1427824718,Farah Omar,Vietnam,57,+84085688308,user49@demo.local,930 Demo Street,Hanoi,05179,SYNTHETIC DATA FOR DEMO ONLY,TRUE,Assault (Minor),Under Review,Medium,TRUE,TRUE,3,312
50,MY8424073374,Jia Vu,Malaysia,22,+60371930230,user50@demo.local,429 Demo Street,Penang,66513,SYNTHETIC DATA FOR DEMO ONLY,FALSE,None,None,None,FALSE,FALSE,0,0
51,MY9994190716,Kumar Lim,Malaysia,49,+60816874976,user51@demo.local,799 Demo Street,Kota Kinabalu,47276,SYNTHETIC DATA FOR DEMO ONLY,TRUE,Fraud (Minor),Under Review,Medium,TRUE,FALSE,0,0
52,MY1072234466,Nur Hoang,Malaysia,59,+60980897186,user52@demo.local,16 Demo Street,Johor Bahru,09621,SYNTHETIC DATA FOR DEMO ONLY,FALSE,None,None,None,FALSE,FALSE,0,0
53,VN2731971867,Jia Chan,Vietnam,70,+84781657485,user53@demo.local,271 Demo Street,Penang,21404,SYNTHETIC DATA FOR DEMO ONLY,FALSE,None,None,None,FALSE,TRUE,1,101
54,VN4458084568,Nur Rahman,Vietnam,60,+84490660669,user54@demo.local,339 Demo Street,Kota Kinabalu,95480,SYNTHETIC DATA FOR DEMO ONLY,FALSE,None,None,None,FALSE,TRUE,3,348
55,MY1063759232,Minh Lee,Malaysia,56,+60284525967,user55@demo.local,339 Demo Street,HCMC,32567,SYNTHETIC DATA FOR DEMO ONLY,FALSE,None,None,None,FALSE,TRUE,1,223
56,VN7850301966,Suresh Zainal,Vietnam,41,+84966665626,user56@demo.local,469 Demo Street,Johor Bahru,71107,SYNTHETIC DATA FOR DEMO ONLY,TRUE,Minor Traffic Offense,Under Review,Low,TRUE,TRUE,1,85
57,VN8137810055,Minh Yusof,Vietnam,39,+84501859403,user57@demo.local,607 Demo Street,Johor Bahru,94416,SYNTHETIC DATA FOR DEMO ONLY,FALSE,None,None,None,FALSE,FALSE,0,0
58,VN1006190810,Kumar Wong,Vietnam,73,+84271077870,user58@demo.local,644 Demo Street,KL,74929,SYNTHETIC DATA FOR DEMO ONLY,FALSE,None,None,None,FALSE,TRUE,1,111
59,VN0866336986,Siti Hassan,Vietnam,16,+84974191918,user59@demo.local,489 Demo Street,Penang,74273,SYNTHETIC DATA FOR DEMO ONLY,FALSE,None,None,None,FALSE,TRUE,1,179
60,MY6685870185,Duy Ismail,Malaysia,19,+60337246321,user60@demo.local,943 Demo Street,Kota Kinabalu,77218,SYNTHETIC DATA FOR DEMO ONLY,FALSE,None,None,None,FALSE,FALSE,0,0
61,VN9757455437,Kumar Lim,Vietnam,33,+84303795035,user61@demo.local,550 Demo Street,Kota Kinabalu,30352,SYNTHETIC DATA FOR DEMO ONLY,FALSE,None,None,None,FALSE,FALSE,0,0
62,MY5220825378,Duy Tran,Malaysia,46,+60948340302,user62@demo.local,622 Demo Street,Hanoi,02855,SYNTHETIC DATA FOR DEMO ONLY,FALSE,None,None,None,FALSE,TRUE,2,414
63,VN9204561839,Aina Le,Vietnam,32,+84003748886,user63@demo.local,945 Demo Street,Hanoi,70320,SYNTHETIC DATA FOR DEMO ONLY,FALSE,None,None,None,FALSE,FALSE,0,0
64,MY4199202399,Minh Tan,Malaysia,27,+60776901796,user64@demo.local,306 Demo Street,KL,57132,SYNTHETIC DATA FOR DEMO ONLY,FALSE,None,None,None,FALSE,FALSE,0,0
65,VN4121607109,Duy Le,Vietnam,39,+84988140986,user65@demo.local,464 Demo Street,Da Nang,32133,SYNTHETIC DATA FOR DEMO ONLY,FALSE,None,None,None,FALSE,TRUE,2,429
66,VN7518241283,Tuan Tan,Vietnam,27,+84439190862,user66@demo.local,489 Demo Street,Kota Kinabalu,22239,SYNTHETIC DATA FOR DEMO ONLY,FALSE,None,None,None,FALSE,TRUE,1,245
67,VN2341891645,Amir Hoang,Vietnam,75,+84479230421,user67@demo.local,864 Demo Street,HCMC,52168,SYNTHETIC DATA FOR DEMO ONLY,FALSE,None,None,None,FALSE,FALSE,0,0
68,MY2267852074,Kumar Tran,Malaysia,64,+60532690471,user68@demo.local,682 Demo Street,Da Nang,25907,SYNTHETIC DATA FOR DEMO ONLY,FALSE,None,None,None,FALSE,FALSE,0,0
69,VN5451788373,Arjun Tran,Vietnam,38,+84217408120,user69@demo.local,634 Demo Street,HCMC,13590,SYNTHETIC DATA FOR DEMO ONLY,FALSE,None,None,None,FALSE,FALSE,0,0
70,VN0555718701,Farah Wong,Vietnam,32,+84521415815,user70@demo.local,765 Demo Street,Penang,18934,SYNTHETIC DATA FOR DEMO ONLY,TRUE,Public Nuisance,Under Review,Low,TRUE,FALSE,0,0
71,VN9034878593,Aina Chan,Vietnam,41,+84059924635,user71@demo.local,71 Demo Street,Da Nang,45019,SYNTHETIC DATA FOR DEMO ONLY,FALSE,None,None,None,FALSE,FALSE,0,0
72,MY0990869668,Minh Kaur,Malaysia,56,+60110201310,user72@demo.local,983 Demo Street,KL,90594,SYNTHETIC DATA FOR DEMO ONLY,FALSE,None,None,None,FALSE,FALSE,0,0
73,VN2422058656,Kiet Chan,Vietnam,72,+84745643225,user73@demo.local,393 Demo Street,KL,39193,SYNTHETIC DATA FOR DEMO ONLY,FALSE,None,None,None,FALSE,FALSE,0,0
74,MY2820056365,Aiman Hassan,Malaysia,47,+60712971336,user74@demo.local,632 Demo Street,KL,88577,SYNTHETIC DATA FOR DEMO ONLY,TRUE,Assault (Minor),Pending Court,Medium,TRUE,FALSE,0,0
75,MY7791807549,Hafiz Hoang,Malaysia,33,+60478634472,user75@demo.local,401 Demo Street,KL,53378,SYNTHETIC DATA FOR DEMO ONLY,FALSE,None,None,None,FALSE,FALSE,0,0
76,MY4131550938,Duy Ahmad,Malaysia,40,+60249005497,user76@demo.local,552 Demo Street,KL,95563,SYNTHETIC DATA FOR DEMO ONLY,FALSE,None,None,None,FALSE,TRUE,3,397
77,MY5396503455,Kiet Rahman,Malaysia,18,+60446935813,user77@demo.local,77 Demo Street,Kota Kinabalu,31623,SYNTHETIC DATA FOR DEMO ONLY,TRUE,Drug Offense (Minor),Closed,High,TRUE,TRUE,1,274
78,MY1255116639,Wei Tran,Malaysia,56,+60600759300,user78@demo.local,31 Demo Street,HCMC,17588,SYNTHETIC DATA FOR DEMO ONLY,TRUE,Drug Offense (Minor),Under Review,High,TRUE,FALSE,0,0
79,VN1615500944,Haziq Tran,Vietnam,52,+84665122068,user79@demo.local,971 Demo Street,KL,01602,SYNTHETIC DATA FOR DEMO ONLY,FALSE,None,None,None,FALSE,FALSE,0,0
80,MY7002215108,Aiman Lee,Malaysia,53,+60428906654,user80@demo.local,409 Demo Street,Johor Bahru,47213,SYNTHETIC DATA FOR DEMO ONLY,TRUE,Public Nuisance,Pending Court,Low,TRUE,FALSE,0,0
81,VN9251534018,Nur Chan,Vietnam,16,+84212206317,user81@demo.local,95 Demo Street,HCMC,28148,SYNTHETIC DATA FOR DEMO ONLY,FALSE,None,None,None,FALSE,TRUE,1,246
82,VN3246524286,Hao Tan,Vietnam,26,+84549545176,user82@demo.local,94 Demo Street,KL,87707,SYNTHETIC DATA FOR DEMO ONLY,TRUE,Minor Traffic Offense,Closed,Low,FALSE,FALSE,0,0
83,VN0767218098,Arjun Lee,Vietnam,35,+84170283384,user83@demo.local,644 Demo Street,Johor Bahru,81206,SYNTHETIC DATA FOR DEMO ONLY,TRUE,Assault (Minor),Under Review,Medium,TRUE,TRUE,1,110
84,MY4662836119,Kumar Lim,Malaysia,73,+60700113303,user84@demo.local,654 Demo Street,HCMC,52459,SYNTHETIC DATA FOR DEMO ONLY,FALSE,None,None,None,FALSE,FALSE,0,0
85,MY0872086021,Suresh Ahmad,Malaysia,75,+60297063782,user85@demo.local,93 Demo Street,Da Nang,94967,SYNTHETIC DATA FOR DEMO ONLY,FALSE,None,None,None,FALSE,FALSE,0,0
86,MY0645917078,Nga Vu,Malaysia,48,+60596520342,user86@demo.local,319 Demo Street,HCMC,17622,SYNTHETIC DATA FOR DEMO ONLY,FALSE,None,None,None,FALSE,TRUE,2,346
87,MY9328153857,Tuan Hoang,Malaysia,24,+60547812320,user87@demo.local,288 Demo Street,Da Nang,17413,SYNTHETIC DATA FOR DEMO ONLY,FALSE,None,None,None,FALSE,FALSE,0,0
88,MY3100970795,Linh Yusof,Malaysia,52,+60947330267,user88@demo.local,717 Demo Street,Da Nang,60703,SYNTHETIC DATA FOR DEMO ONLY,FALSE,None,None,None,FALSE,FALSE,0,0
89,VN3958617363,Wei Hassan,Vietnam,34,+84335382056,user89@demo.local,840 Demo Street,Johor Bahru,40247,SYNTHETIC DATA FOR DEMO ONLY,FALSE,None,None,None,FALSE,FALSE,0,0
90,MY5061490041,Kumar Hassan,Malaysia,54,+60088742654,user90@demo.local,347 Demo Street,Hanoi,46891,SYNTHETIC DATA FOR DEMO ONLY,FALSE,None,None,None,FALSE,FALSE,0,0
91,MY4531034998,Aina Kaur,Malaysia,16,+60680662594,user91@demo.local,663 Demo Street,HCMC,23801,SYNTHETIC DATA FOR DEMO ONLY,FALSE,None,None,None,FALSE,TRUE,2,362
92,MY0635455311,Kiet Chan,Malaysia,60,+60728616724,user92@demo.local,555 Demo Street,KL,67958,SYNTHETIC DATA FOR DEMO ONLY,FALSE,None,None,None,FALSE,TRUE,1,295
93,VN4857719718,Aina Chan,Vietnam,67,+84195717023,user93@demo.local,16 Demo Street,Johor Bahru,52274,SYNTHETIC DATA FOR DEMO ONLY,FALSE,None,None,None,FALSE,FALSE,0,0
94,VN9217338870,Nga Pham,Vietnam,55,+84255348333,user94@demo.local,618 Demo Street,Hanoi,09236,SYNTHETIC DATA FOR DEMO ONLY,FALSE,None,None,None,FALSE,FALSE,0,0
95,VN9474021986,Trang Wong,Vietnam,69,+84856890315,user95@demo.local,895 Demo Street,Hanoi,80186,SYNTHETIC DATA FOR DEMO ONLY,FALSE,None,None,None,FALSE,FALSE,0,0
96,MY4183860328,Hafiz Kaur,Malaysia,69,+60013453305,user96@demo.local,342 Demo Street,HCMC,04901,SYNTHETIC DATA FOR DEMO ONLY,TRUE,Administrative Violation,Pending Court,Low,TRUE,FALSE,0,0
97,VN3093551699,Linh Vo,Vietnam,33,+84766327896,user97@demo.local,312 Demo Street,Kota Kinabalu,33828,SYNTHETIC DATA FOR DEMO ONLY,FALSE,None,None,None,FALSE,FALSE,0,0
98,MY0339432231,Anh Omar,Malaysia,37,+60437951725,user98@demo.local,675 Demo Street,Da Nang,01953,SYNTHETIC DATA FOR DEMO ONLY,FALSE,None,None,None,FALSE,FALSE,0,0
99,MY3748048220,Tuan Tan,Malaysia,45,+60200482502,user99@demo.local,59 Demo Street,HCMC,60883,SYNTHETIC DATA FOR DEMO ONLY,TRUE,Minor Traffic Offense,Closed,Low,FALSE,TRUE,1,147
100,VN1586923764,Jia Ahmad,Vietnam,16,+84187067939,user100@demo.local,895 Demo Street,Hanoi,03634,SYNTHETIC DATA FOR DEMO ONLY,TRUE,Minor Traffic Offense,Closed,Low,FALSE,TRUE,3,513
